City_Id,City,Country,Date,Lat,Lng,Max Temp,Humidity,Cloudiness,Wind Speed
0,Hilo,US,2021-03-21 19:14:45,19.7297,-155.09,73.4,68,90,8.05
1,Bereda,ES,2021-03-21 19:14:46,43.2686,-7.5406,46.0,89,6,13.0
2,Kapaa,US,2021-03-21 19:14:46,22.0752,-159.319,73.4,64,20,20.71
3,Havoysund,NO,2021-03-21 19:14:46,70.9963,24.6622,30.2,1,75,25.32
4,Busselton,AU,2021-03-21 19:14:46,-33.65,115.3333,66.99,92,68,3.0
5,Rikitea,PF,2021-03-21 19:14:47,-23.1203,-134.9692,80.04,72,0,8.41
6,Qaanaaq,GL,2021-03-21 19:14:47,77.484,-69.3632,-7.04,96,100,2.64
7,Chuy,UY,2021-03-21 19:14:47,-33.6971,-53.4616,71.78,74,71,14.03
8,Nikolskoye,RU,2021-03-21 19:14:48,59.7035,30.7861,34.0,86,90,22.37
9,Souillac,MU,2021-03-21 19:14:48,-20.5167,57.5167,78.8,89,75,10.36
10,Koumac,NC,2021-03-21 19:14:48,-20.5667,164.2833,74.23,84,0,4.85
11,Dikson,RU,2021-03-21 19:14:48,73.5069,80.5464,-11.81,64,100,4.97
12,Vaini,TO,2021-03-21 19:14:48,-21.2,-175.2,77.0,100,40,3.44
13,Gigmoto,PH,2021-03-21 19:14:49,13.7796,124.39,78.6,88,57,8.55
14,Hermanus,ZA,2021-03-21 19:14:49,-34.4187,19.2345,63.0,77,3,1.99
15,San Felipe,VE,2021-03-21 19:14:49,10.3399,-68.7425,83.89,58,100,8.9
16,Ilulissat,GL,2021-03-21 19:14:50,69.2167,-51.1,12.2,85,75,25.32
17,Yellowknife,CA,2021-03-21 19:14:50,62.456,-114.3525,-0.99,59,40,12.66
18,Dong Hoi,VN,2021-03-21 19:14:50,17.4833,106.6,68.02,93,100,19.24
19,Saskylakh,RU,2021-03-21 19:14:50,71.9167,114.0833,-28.23,99,96,2.84
20,Hobart,AU,2021-03-21 19:14:51,-42.8794,147.3294,60.8,82,90,5.75
21,Padang,ID,2021-03-21 19:14:51,-0.9492,100.3543,73.4,100,90,2.3
22,Kodiak,US,2021-03-21 19:14:51,57.79,-152.4072,35.6,80,90,3.44
23,Umm Kaddadah,SD,2021-03-21 19:14:51,13.6017,26.6876,88.21,14,100,9.13
24,Mount Isa,AU,2021-03-21 19:14:52,-20.7333,139.5,78.8,78,100,5.75
25,Aklavik,CA,2021-03-21 19:14:52,68.2191,-135.0107,-16.6,76,40,2.3
26,Atasu,KZ,2021-03-21 19:13:45,48.6814,71.6433,34.21,99,100,10.22
27,Ushuaia,AR,2021-03-21 19:11:00,-54.8,-68.3,55.4,58,40,18.41
28,Nome,US,2021-03-21 19:14:52,64.5011,-165.4064,12.2,79,90,0.74
29,Islamkot,PK,2021-03-21 19:14:53,24.6997,70.177,74.25,70,0,10.98
30,Bluff,NZ,2021-03-21 19:14:53,-46.6,168.3333,53.01,94,100,3.0
31,Ust-Nera,RU,2021-03-21 19:14:53,64.5667,143.2,-6.25,99,100,4.43
32,Guerrero Negro,MX,2021-03-21 19:14:27,27.9769,-114.0611,65.71,48,99,18.03
33,Santa Rosa,PH,2021-03-21 19:14:53,14.3122,121.1114,82.4,74,40,2.3
34,Faya,SA,2021-03-21 19:14:54,18.3851,42.4509,66.2,88,0,8.99
35,Nanortalik,GL,2021-03-21 19:14:54,60.1432,-45.2371,24.94,78,100,31.07
36,Mataura,NZ,2021-03-21 19:14:54,-46.1927,168.8643,53.01,94,100,3.0
37,Namtsy,RU,2021-03-21 19:14:54,62.7161,129.6658,-7.6,59,0,11.18
38,Hasaki,JP,2021-03-21 19:14:55,35.7333,140.8333,54.0,94,75,8.05
39,Jamestown,US,2021-03-21 19:14:55,42.097,-79.2353,59.0,13,1,6.89
40,Punta Arenas,CL,2021-03-21 19:13:44,-53.15,-70.9167,57.2,54,75,25.32
41,Bengkulu,ID,2021-03-21 19:14:55,-3.8004,102.2655,75.47,91,100,6.73
42,Fairbanks,US,2021-03-21 19:14:55,64.8378,-147.7164,6.8,51,1,3.0
43,Avarua,CK,2021-03-21 19:14:56,-21.2078,-159.775,78.8,89,75,2.3
44,Cape Town,ZA,2021-03-21 19:14:56,-33.9258,18.4232,69.01,59,0,16.11
45,Bethel,US,2021-03-21 19:14:56,41.3712,-73.414,64.4,16,1,8.05
46,Narsaq,GL,2021-03-21 19:14:57,60.9167,-46.05,26.6,63,75,16.11
47,Lebrija,ES,2021-03-21 19:14:57,36.9208,-6.0753,55.4,50,0,6.91
48,Tierra Colorada,MX,2021-03-21 19:14:57,17.1667,-99.5833,84.2,70,1,9.22
49,Georgetown,MY,2021-03-21 19:14:57,5.4112,100.3354,82.4,78,20,6.82
50,Erzin,TR,2021-03-21 19:14:58,36.9559,36.2,63.0,74,0,3.38
51,Tarakan,ID,2021-03-21 19:10:14,3.3,117.6333,81.55,79,100,8.01
52,Bambous Virieux,MU,2021-03-21 19:14:58,-20.3428,57.7575,80.01,89,75,9.22
53,Skjervoy,NO,2021-03-21 19:14:58,70.0311,20.9714,24.8,80,75,18.41
54,Tuatapere,NZ,2021-03-21 19:14:58,-46.1333,167.6833,53.01,94,100,1.99
55,Buin,CL,2021-03-21 19:14:59,-33.7333,-70.75,75.2,33,40,8.05
56,Kokomo,US,2021-03-21 19:14:59,40.4864,-86.1336,64.0,23,1,9.22
57,Alta Floresta,BR,2021-03-21 19:14:59,-9.8756,-56.0861,82.63,82,100,3.29
58,Olafsvik,IS,2021-03-21 19:14:59,64.8945,-23.7142,43.18,91,100,31.92
59,La Ronge,CA,2021-03-21 19:15:00,55.1001,-105.2842,23.0,50,100,13.8
60,Albany,US,2021-03-21 19:13:56,42.6001,-73.9662,63.0,12,0,2.75
61,Khatanga,RU,2021-03-21 19:15:00,71.9667,102.5,-24.43,78,0,7.09
62,Olinda,BR,2021-03-21 19:15:00,-8.0089,-34.8553,82.4,61,40,10.36
63,Longyearbyen,SJ,2021-03-21 19:15:01,78.2186,15.6401,15.8,73,75,16.11
64,Port Alfred,ZA,2021-03-21 19:15:01,-33.5906,26.891,65.43,70,92,10.71
65,Butaritari,KI,2021-03-21 19:15:01,3.0707,172.7902,82.4,77,100,17.98
66,Kavaratti,IN,2021-03-21 19:15:01,10.5669,72.642,82.67,72,0,8.68
67,Ponta Do Sol,PT,2021-03-21 19:17:34,32.6667,-17.1,60.8,48,40,10.36
68,Dongsheng,CN,2021-03-21 19:15:02,39.8161,109.9776,28.2,24,0,10.67
69,College,US,2021-03-21 19:15:02,64.8569,-147.8028,6.8,51,1,2.86
70,Saint-Pierre,RE,2021-03-21 19:15:02,-21.3393,55.4781,78.8,83,90,16.11
71,Kang,BW,2021-03-21 19:11:15,-23.6752,22.7876,71.55,64,69,9.73
72,Mar Del Plata,AR,2021-03-21 19:13:29,-38.0023,-57.5575,64.4,68,75,14.97
73,Alice Springs,AU,2021-03-21 19:12:16,-23.7,133.8833,64.4,100,75,5.75
74,Saint George,US,2021-03-21 19:15:03,37.1041,-113.5841,53.6,37,1,3.44
75,Jumla,NP,2021-03-21 19:15:03,29.2747,82.1838,42.51,79,3,3.18
76,Saldanha,ZA,2021-03-21 19:15:03,-33.0117,17.9442,68.0,60,0,9.22
77,Quesnel,CA,2021-03-21 19:15:04,52.9999,-122.5029,35.6,80,75,9.22
78,Hope,US,2021-03-21 19:15:04,33.6671,-93.5916,70.0,40,12,5.99
79,Barrow,US,2021-03-21 19:15:04,71.2906,-156.7887,-14.8,76,1,11.5
80,Pucara,PE,2021-03-21 19:15:04,-15.9803,-71.4606,66.2,39,20,12.66
81,Makakilo City,US,2021-03-21 19:15:05,21.3469,-158.0858,71.6,78,75,9.22
82,Vila Do Maio,CV,2021-03-21 19:15:05,15.1333,-23.2167,71.6,68,75,18.41
83,Cabo San Lucas,MX,2021-03-21 19:14:53,22.8909,-109.9124,87.01,28,1,4.52
84,Mecca,SA,2021-03-21 19:15:05,21.4267,39.8261,78.62,58,0,2.62
85,Aykhal,RU,2021-03-21 19:15:06,66.0,111.5,-33.12,99,72,7.83
86,Tuktoyaktuk,CA,2021-03-21 19:15:06,69.4541,-133.0374,-16.6,76,20,4.61
87,Puerto Ayora,EC,2021-03-21 19:15:06,-0.7393,-90.3518,84.99,70,20,11.5
88,Ostersund,SE,2021-03-21 19:15:06,63.1792,14.6357,30.0,100,90,9.22
89,Payo,ID,2021-03-21 19:15:07,-3.7508,103.6372,72.73,97,100,1.03
90,Ribeira Grande,PT,2021-03-21 19:15:07,38.5167,-28.7,62.6,77,40,13.8
91,Caravelas,BR,2021-03-21 19:15:07,-17.7125,-39.2481,81.63,67,100,6.69
92,Imatra,FI,2021-03-21 19:15:07,61.1719,28.7524,30.99,81,100,11.99
93,Junqueiro,BR,2021-03-21 19:15:08,-9.9253,-36.4758,84.38,55,100,14.0
94,Luderitz,NA,2021-03-21 19:15:08,-26.6481,15.1594,69.08,62,0,17.18
95,Westport,US,2021-03-21 19:11:39,41.1415,-73.3579,60.01,32,1,6.91
96,Konevo,RU,2021-03-21 19:15:08,62.1215,39.3192,29.19,95,100,8.37
97,Vao,NC,2021-03-21 19:15:09,-22.6667,167.4833,75.15,75,92,18.21
98,Timra,SE,2021-03-21 19:15:09,62.487,17.3257,35.01,55,24,9.22
99,Atuona,PF,2021-03-21 19:15:09,-9.8,-139.0333,80.44,77,0,14.79
100,Tessalit,ML,2021-03-21 19:15:09,20.1986,1.0114,81.88,10,44,11.59
101,Palora,EC,2021-03-21 19:15:10,-1.7,-77.9333,71.6,88,90,3.44
102,Merauke,ID,2021-03-21 19:15:10,-8.4667,140.3333,79.68,82,80,7.27
103,Vardo,NO,2021-03-21 19:15:10,70.3705,31.1107,26.6,93,90,17.27
104,Dingle,PH,2021-03-21 19:15:10,10.9995,122.6711,77.9,86,96,7.7
105,Zhigansk,RU,2021-03-21 19:15:11,66.7697,123.3711,-17.81,92,100,20.2
106,Hamada,JP,2021-03-21 19:15:11,34.8833,132.0833,44.01,15,92,1.99
107,Hithadhoo,MV,2021-03-21 19:15:11,-0.6,73.0833,83.1,74,100,8.93
108,Odweyne,SO,2021-03-21 19:15:12,9.4092,45.064,68.83,36,22,9.26
109,Luebo,CD,2021-03-21 19:10:14,-5.35,21.4167,73.29,93,100,0.6
110,Sandwick,GB,2021-03-21 19:15:12,60.0,-1.25,44.6,93,75,20.71
111,East London,ZA,2021-03-21 19:15:12,-33.0153,27.9116,64.4,68,0,12.66
112,Sale,MA,2021-03-21 19:15:12,34.0389,-6.8166,60.01,67,0,5.75
113,New Norfolk,AU,2021-03-21 19:15:13,-42.7826,147.0587,59.0,73,17,2.15
114,Tasiilaq,GL,2021-03-21 19:15:13,65.6145,-37.6368,32.0,74,75,8.05
115,Sungaipenuh,ID,2021-03-21 19:15:13,-2.0833,101.3833,65.73,98,100,0.51
116,Husavik,IS,2021-03-21 19:15:13,66.0449,-17.3389,46.4,57,75,21.85
117,Sterling,US,2021-03-21 19:11:45,39.0062,-77.4286,64.0,20,20,5.75
118,Coihaique,CL,2021-03-21 19:15:14,-45.5752,-72.0662,69.8,43,0,8.05
119,Manacapuru,BR,2021-03-21 19:15:14,-3.2997,-60.6206,78.8,89,75,8.05
120,Fortuna,US,2021-03-21 19:11:53,40.5982,-124.1573,53.01,71,90,13.8
121,Bagdarin,RU,2021-03-21 19:15:14,54.4333,113.6,16.5,78,100,2.53
122,Qui Nhon,VN,2021-03-21 19:15:14,13.7667,109.2333,76.89,85,99,16.73
123,Polyarnyy,RU,2021-03-21 19:15:15,69.1989,33.4478,24.8,80,75,4.47
124,Lingao,CN,2021-03-21 19:15:15,19.9103,109.6859,65.28,79,100,15.7
125,Belaya Gora,RU,2021-03-21 19:15:15,68.5333,146.4167,-15.0,89,30,3.29
126,Poronaysk,RU,2021-03-21 19:15:16,49.2167,143.1167,21.87,94,100,18.21
127,San Cristobal,VE,2021-03-21 19:15:16,7.7669,-72.225,86.0,58,20,6.91
128,Arraial Do Cabo,BR,2021-03-21 19:15:16,-22.9661,-42.0278,87.8,69,0,17.27
129,Hobyo,SO,2021-03-21 19:15:16,5.3505,48.5268,79.47,79,78,14.67
130,Singaraja,ID,2021-03-21 19:15:04,-8.112,115.0882,79.86,83,39,2.21
131,Songjianghe,CN,2021-03-21 19:15:17,42.1859,127.479,20.26,79,66,6.42
132,Izhma,RU,2021-03-21 19:15:17,65.0083,53.9113,15.33,91,100,7.61
133,Shelby,US,2021-03-21 19:15:17,35.2001,-89.8668,68.0,22,1,6.91
134,Sisimiut,GL,2021-03-21 19:15:17,66.9395,-53.6735,11.41,87,95,12.35
135,Riyadh,SA,2021-03-21 19:15:18,24.6877,46.7219,84.2,10,0,9.22
136,Pizarro,CO,2021-03-21 19:15:18,4.9533,-77.366,82.02,70,46,8.72
137,Klaksvik,FO,2021-03-21 19:15:18,62.2266,-6.589,44.6,100,90,11.5
138,Cherskiy,RU,2021-03-21 19:15:18,68.75,161.3,-16.06,70,0,5.79
139,Port Elizabeth,ZA,2021-03-21 19:10:57,-33.918,25.5701,62.6,82,40,8.05
140,Esperance,AU,2021-03-21 19:15:19,-33.8667,121.9,64.4,72,0,14.97
141,Manicore,BR,2021-03-21 19:15:19,-5.8092,-61.3003,77.72,82,100,2.46
142,Antalaha,MG,2021-03-21 19:15:19,-14.9003,50.2788,77.56,84,92,7.49
143,Talcahuano,CL,2021-03-21 19:15:19,-36.7167,-73.1167,71.6,49,0,6.91
144,Bredasdorp,ZA,2021-03-21 19:15:20,-34.5322,20.0403,62.6,72,0,9.22
145,Saint-Philippe,RE,2021-03-21 19:15:20,-21.3585,55.7679,78.8,83,90,16.11
146,Touros,BR,2021-03-21 19:15:20,-5.1989,-35.4608,86.0,62,40,14.97
147,Castlegar,CA,2021-03-21 19:15:11,49.2998,-117.6689,46.4,53,100,6.91
148,Birao,CF,2021-03-21 19:15:20,10.2849,22.7882,86.02,14,100,2.73
149,Dakar,SN,2021-03-21 19:12:05,14.6937,-17.4441,69.8,83,0,13.8
150,Kulebaki,RU,2021-03-21 19:15:21,55.4133,42.5325,23.34,90,100,9.46
151,Batagay,RU,2021-03-21 19:15:21,67.6333,134.6333,0.55,82,100,3.51
152,Ryotsu,JP,2021-03-21 19:15:21,38.0833,138.4333,46.17,62,100,18.77
153,Castro,BR,2021-03-21 19:15:21,-24.7911,-50.0119,75.92,81,100,4.43
154,Talaya,RU,2021-03-21 19:15:22,61.3833,152.75,-5.55,79,0,6.24
155,Rio Grande,BR,2021-03-21 19:15:22,-32.035,-52.0986,75.2,88,75,9.22
156,Mahibadhoo,MV,2021-03-21 19:15:22,3.7833,72.9667,83.12,67,91,5.23
157,Nampula,MZ,2021-03-21 19:15:22,-15.1165,39.2666,75.2,94,75,3.44
158,Rengo,CL,2021-03-21 19:15:23,-34.4167,-70.8667,75.2,41,75,8.19
159,Pisco,PE,2021-03-21 19:15:23,-13.7,-76.2167,78.8,53,0,19.57
160,Arlit,NE,2021-03-21 19:15:23,18.7369,7.3853,91.06,12,100,6.91
161,Talnakh,RU,2021-03-21 19:15:23,69.4865,88.3972,-14.76,56,66,6.04
162,Changli,CN,2021-03-21 19:15:24,39.7042,119.1506,40.03,34,0,8.57
163,Peleduy,RU,2021-03-21 19:15:24,59.6289,112.7406,-10.12,95,100,6.04
164,Necochea,AR,2021-03-21 19:15:24,-38.5473,-58.7368,64.0,59,0,5.01
165,Hofn,IS,2021-03-21 19:15:24,64.2539,-15.2082,44.02,84,100,14.88
166,Tecoanapa,MX,2021-03-21 19:15:25,16.5167,-98.75,85.37,58,0,12.39
167,Shenjiamen,CN,2021-03-21 19:15:25,29.9576,122.298,46.4,60,68,11.48
168,Moerai,PF,2021-03-21 19:15:25,-22.4333,-151.3333,78.58,68,3,6.4
169,Sotouboua,TG,2021-03-21 19:15:25,8.5667,0.9833,91.4,52,0,2.21
170,Kavieng,PG,2021-03-21 19:15:26,-2.5744,150.7967,82.74,74,97,6.2
171,Provideniya,RU,2021-03-21 19:15:26,64.3833,-173.3,5.85,84,100,1.88
172,Norman Wells,CA,2021-03-21 19:15:26,65.282,-126.8329,-9.4,70,20,4.61
173,Buala,SB,2021-03-21 19:15:26,-8.145,159.5921,79.3,83,87,4.74
174,Rio Gallegos,AR,2021-03-21 19:15:27,-51.6226,-69.2181,64.4,32,75,11.5
175,Chenghai,CN,2021-03-21 19:15:27,23.4632,116.768,57.2,77,90,8.95
176,Sioux Lookout,CA,2021-03-21 19:15:27,50.1001,-91.917,53.6,47,75,16.11
177,Kiruna,SE,2021-03-21 19:15:27,67.8557,20.2251,17.6,79,0,10.36
178,Leopold,AU,2021-03-21 19:15:28,-38.1833,144.4667,64.4,94,90,4.61
179,Kampong Chhnang,KH,2021-03-21 19:15:28,12.1667,104.55,78.49,77,12,8.66
180,Oktyabrskoye,RU,2021-03-21 19:15:28,43.0645,44.7417,33.8,93,100,6.71
181,Geraldton,AU,2021-03-21 19:15:28,-28.7667,114.6,68.0,94,40,5.75
182,Port Hardy,CA,2021-03-21 19:15:29,50.6996,-127.4199,41.0,93,90,10.36
183,Cortez,US,2021-03-21 19:15:29,37.3489,-108.5859,53.6,30,90,6.91
184,Labuan,MY,2021-03-21 19:15:29,5.2767,115.2417,80.6,83,20,3.44
185,Zhongshu,CN,2021-03-21 19:12:39,24.5167,103.7667,40.53,76,100,7.4
186,Canon City,US,2021-03-21 19:15:29,38.441,-105.2424,53.6,40,90,8.05
187,Clyde River,CA,2021-03-21 19:15:30,70.4692,-68.5914,-11.2,70,75,13.8
188,Banda Aceh,ID,2021-03-21 19:15:30,5.5577,95.3222,80.1,74,100,3.33
189,Lufilufi,WS,2021-03-21 19:15:30,-13.8745,-171.5986,75.2,94,75,8.05
190,Okhotsk,RU,2021-03-21 19:15:31,59.3833,143.3,12.74,95,100,10.58
191,Sorland,NO,2021-03-21 19:15:31,67.667,12.6934,32.0,80,40,4.61
192,Katobu,ID,2021-03-21 19:15:31,-4.9408,122.5276,76.03,91,51,0.74
193,Ferrol,ES,2021-03-21 19:15:31,43.4832,-8.2369,53.01,66,0,6.91
194,Ahipara,NZ,2021-03-21 19:15:32,-35.1667,173.1667,56.48,84,0,4.81
195,San Patricio,US,2021-03-21 19:15:32,28.017,-97.5169,73.99,46,20,17.27
196,Jizan,SA,2021-03-21 19:15:32,17.3333,42.6667,82.4,74,0,4.61
197,Somerset East,ZA,2021-03-21 19:15:32,-32.7217,25.588,56.14,82,95,8.97
198,Hosakote,IN,2021-03-21 19:15:33,14.2769,77.1699,77.77,33,0,10.71
199,Rovaniemi,FI,2021-03-21 19:15:33,66.5,25.7167,23.0,54,0,9.22
200,Newport,GB,2021-03-21 19:14:51,51.5877,-2.9984,52.0,74,100,1.01
201,Sept-Iles,CA,2021-03-21 19:12:01,50.2001,-66.3821,41.0,52,75,5.75
202,Ostrovnoy,RU,2021-03-21 19:15:33,68.0531,39.5131,21.27,91,100,3.94
203,Namibe,AO,2021-03-21 19:15:33,-15.1961,12.1522,73.15,80,45,6.44
204,Sirhind,IN,2021-03-21 19:15:34,30.6456,76.3825,71.46,38,100,9.22
205,Vila Velha,BR,2021-03-21 19:15:34,-20.3297,-40.2925,84.0,78,40,10.36
206,Tigil,RU,2021-03-21 19:15:34,57.8,158.6667,0.7,84,100,4.43
207,Bathsheba,BB,2021-03-21 19:15:35,13.2167,-59.5167,82.4,54,20,19.57
208,Cidreira,BR,2021-03-21 19:15:35,-30.1811,-50.2056,76.77,86,100,6.4
209,Bintulu,MY,2021-03-21 19:15:35,3.1667,113.0333,78.8,94,40,5.48
210,Bubaque,GW,2021-03-21 19:15:36,11.2833,-15.8333,76.39,74,0,17.16
211,Chokurdakh,RU,2021-03-21 19:15:36,70.6333,147.9167,-11.81,80,71,5.37
212,Hailar,CN,2021-03-21 19:15:36,49.2,119.7,23.16,65,0,8.46
213,Iqaluit,CA,2021-03-21 19:11:43,63.7506,-68.5145,-7.6,71,75,2.26
214,Wamba,NG,2021-03-21 19:15:36,8.9333,8.6,91.6,25,100,2.06
215,Dzaoudzi,YT,2021-03-21 19:15:37,-12.7887,45.2699,78.8,83,20,2.3
216,Faanui,PF,2021-03-21 19:15:37,-16.4833,-151.75,83.44,69,2,9.55
217,Fare,PF,2021-03-21 19:15:37,-16.7,-151.0167,83.03,71,20,10.47
218,Mahebourg,MU,2021-03-21 19:15:38,-20.4081,57.7,78.8,89,75,9.22
219,Jingdezhen,CN,2021-03-21 19:15:38,29.2947,117.2079,45.91,73,20,4.83
220,Airai,TL,2021-03-21 19:15:38,-8.9266,125.4092,60.87,88,78,1.25
221,Sao Joao Da Barra,BR,2021-03-21 19:14:02,-21.6403,-41.0511,84.2,65,20,12.66
222,Mao,ES,2021-03-21 19:15:39,39.8885,4.2658,46.4,66,20,4.61
223,Great Yarmouth,GB,2021-03-21 19:15:39,52.6083,1.7305,42.8,81,90,4.61
224,Thinadhoo,MV,2021-03-21 19:15:39,0.5333,72.9333,83.3,73,100,8.79
225,Albion,US,2021-03-21 19:15:39,42.2431,-84.753,63.0,16,1,11.5
226,Mount Gambier,AU,2021-03-21 19:15:40,-37.8333,140.7667,64.4,94,90,4.61
227,Pregassona,CH,2021-03-21 19:15:40,46.0202,8.9743,42.8,56,0,2.3
228,Northam,GB,2021-03-21 19:15:40,51.0333,-4.2167,48.99,86,87,1.99
229,Severo-Kurilsk,RU,2021-03-21 19:15:41,50.6789,156.125,27.57,83,100,21.54
230,Alyangula,AU,2021-03-21 19:11:17,-13.8483,136.4192,81.55,80,89,8.61
231,Kahului,US,2021-03-21 19:15:41,20.8947,-156.47,71.6,83,40,13.8
232,Sitka,US,2021-03-21 19:11:58,57.0531,-135.33,39.2,87,75,10.36
233,Kenai,US,2021-03-21 19:15:41,60.5544,-151.2583,15.8,53,1,5.66
234,Luanda,AO,2021-03-21 19:15:00,-8.8368,13.2343,80.6,89,75,6.91
235,Richards Bay,ZA,2021-03-21 19:11:26,-28.783,32.0377,71.53,87,94,10.29
236,Urucara,BR,2021-03-21 19:15:41,-2.5364,-57.76,82.15,84,100,3.38
237,Teya,RU,2021-03-21 19:15:42,60.3778,92.6267,28.58,93,100,8.75
238,Hambantota,LK,2021-03-21 19:15:42,6.1241,81.1185,73.4,100,40,2.3
239,Japura,ID,2021-03-21 19:15:42,-0.3167,102.35,74.48,97,100,1.5
240,Kaitangata,NZ,2021-03-21 19:15:42,-46.2817,169.8464,55.99,89,100,1.99
241,Yanam,IN,2021-03-21 19:15:43,16.7333,82.2167,73.87,83,76,2.46
242,Thompson,CA,2021-03-21 19:13:34,55.7435,-97.8558,51.8,30,20,11.5
243,Dzerzhinsk,RU,2021-03-21 19:15:43,56.2389,43.4631,26.6,68,0,11.18
244,Cervo,ES,2021-03-21 19:15:43,43.6702,-7.4101,52.0,78,28,3.0
245,Flinders,AU,2021-03-21 19:15:43,-34.5833,150.8552,66.99,98,100,5.01
246,Biak,ID,2021-03-21 19:15:44,-0.9131,122.8766,77.13,82,64,1.07
247,Drovyanaya,RU,2021-03-21 19:15:44,51.5833,113.0333,33.8,37,100,11.18
248,Bilma,NE,2021-03-21 19:15:44,18.6853,12.9164,89.26,11,0,9.69
249,Avera,US,2021-03-21 19:15:45,33.194,-82.5271,62.01,67,75,12.66
250,Chernyshevskiy,RU,2021-03-21 19:15:45,63.0128,112.4714,-32.8,93,0,3.33
251,Maniitsoq,GL,2021-03-21 19:15:45,65.4167,-52.9,16.47,86,7,18.95
252,Mocajuba,BR,2021-03-21 19:15:46,-2.5842,-49.5072,82.24,88,97,2.28
253,Comodoro Rivadavia,AR,2021-03-21 19:15:46,-45.8667,-67.5,75.2,43,0,4.61
254,Cabedelo,BR,2021-03-21 19:15:46,-6.9811,-34.8339,86.0,70,40,13.8
255,Vanimo,PG,2021-03-21 19:15:46,-2.6741,141.3028,77.58,87,98,3.44
256,Antofagasta,CL,2021-03-21 19:15:47,-23.65,-70.4,73.99,68,20,17.27
257,Pevek,RU,2021-03-21 19:15:47,69.7008,170.3133,-27.85,94,0,5.1
258,Aksu,CN,2021-03-21 19:15:47,41.1231,80.2644,42.87,35,100,2.39
259,Calinesti,RO,2021-03-21 19:15:47,44.8167,25.05,37.08,63,100,5.73
260,Upernavik,GL,2021-03-21 19:15:48,72.7868,-56.1549,-8.81,90,100,3.8
261,Upata,VE,2021-03-21 19:15:48,8.0086,-62.3989,85.86,45,94,5.03
262,Kampot,KH,2021-03-21 19:15:48,10.6167,104.1833,78.8,89,20,2.3
263,Carnarvon,AU,2021-03-21 19:15:48,-24.8667,113.6333,78.8,83,0,11.5
264,Vila Franca Do Campo,PT,2021-03-21 19:15:48,37.7167,-25.4333,59.0,77,75,5.75
265,Mayumba,GA,2021-03-21 19:15:49,-3.432,10.6554,80.47,78,100,3.51
266,Grafenau,DE,2021-03-21 19:15:49,48.8577,13.3974,32.0,100,100,4.23
267,Galle,LK,2021-03-21 19:15:49,6.0367,80.217,77.11,85,96,2.62
268,Tiksi,RU,2021-03-21 19:15:50,71.6872,128.8694,-15.79,98,100,11.39
269,Mogadishu,SO,2021-03-21 19:12:02,2.0371,45.3438,81.01,84,43,15.93
270,Anadyr,RU,2021-03-21 19:15:50,64.75,177.4833,-11.0,77,100,8.95
271,Gurupi,BR,2021-03-21 19:11:15,-11.7292,-49.0686,83.77,73,12,6.13
272,Umea,SE,2021-03-21 19:15:50,63.8284,20.2597,28.4,54,0,13.8
273,Camopi,GF,2021-03-21 19:15:51,3.1655,-52.3158,81.46,89,100,3.44
274,Tanabe,JP,2021-03-21 19:15:51,33.7333,135.3667,50.14,63,24,22.08
275,Lakinsk,RU,2021-03-21 19:15:51,56.0193,39.9485,26.76,93,100,11.65
276,Fukue,JP,2021-03-21 19:15:51,32.6881,128.8419,47.39,74,0,27.81
277,Aksarka,RU,2021-03-21 19:15:52,66.5606,67.7975,-10.71,94,100,2.59
278,Coruripe,BR,2021-03-21 19:15:52,-10.1256,-36.1756,82.58,68,99,12.73
279,Hamilton,US,2021-03-21 19:10:59,39.1834,-84.5333,66.2,15,1,8.05
280,Vostok,RU,2021-03-21 19:15:52,46.4856,135.8833,19.54,97,100,3.0
281,Torbay,CA,2021-03-21 19:15:53,47.6666,-52.7314,36.0,60,20,14.97
282,Constitucion,CL,2021-03-21 19:15:53,-35.3333,-72.4167,65.75,64,3,7.85
283,Ponta Delgada,PT,2021-03-21 19:15:53,37.7333,-25.6667,59.0,77,75,5.75
284,Breyten,ZA,2021-03-21 19:15:53,-26.3018,29.987,58.87,90,98,7.58
285,Xichang,CN,2021-03-21 19:15:53,27.8964,102.2634,42.73,73,47,5.28
286,Colares,PT,2021-03-21 19:15:54,38.7992,-9.4469,57.0,58,0,10.36
287,Vitim,RU,2021-03-21 19:15:54,59.4511,112.5578,-8.25,96,100,6.55
288,Kamina,CD,2021-03-21 19:15:54,-8.7386,24.9906,67.26,83,100,2.48
289,Riohacha,CO,2021-03-21 19:11:02,11.5444,-72.9072,86.59,54,7,16.31
290,Sao Filipe,CV,2021-03-21 19:15:54,14.8961,-24.4956,71.91,68,100,8.79
291,Narasapur,IN,2021-03-21 19:15:55,16.45,81.6667,78.21,75,89,4.92
292,Bandarbeyla,SO,2021-03-21 19:15:55,9.4942,50.8122,78.3,68,0,8.61
293,Lahan,NP,2021-03-21 19:15:55,26.7296,86.4951,72.81,20,0,4.88
294,Haines Junction,CA,2021-03-21 19:15:56,60.7522,-137.5108,12.2,57,100,10.36
295,Egvekinot,RU,2021-03-21 19:15:56,66.3167,-179.1667,-7.13,96,100,7.45
296,Ribeira Brava,PT,2021-03-21 19:15:56,32.65,-17.0667,60.8,48,40,10.36
297,Bihariganj,IN,2021-03-21 19:15:57,25.7333,86.9833,73.99,21,0,5.5
298,Pringsewu,ID,2021-03-21 19:15:57,-5.3582,104.9744,73.45,96,79,3.02
299,Doha,QA,2021-03-21 19:12:20,25.2867,51.5333,77.0,13,0,2.3
300,Aswan,EG,2021-03-21 19:15:58,24.0934,32.907,86.74,13,1,9.89
301,Santa Cruz De Tenerife,ES,2021-03-21 19:15:58,28.4682,-16.2546,64.99,71,40,5.75
302,Bukama,CD,2021-03-21 19:15:58,-9.2,25.85,72.9,82,96,1.03
303,Srednekolymsk,RU,2021-03-21 19:15:58,67.45,153.6833,-11.29,74,49,5.08
304,Soyo,AO,2021-03-21 19:15:59,-6.1349,12.3689,80.06,82,15,9.35
305,Pandan,PH,2021-03-21 19:15:59,14.0453,124.1694,79.03,87,40,9.26
306,Ugra,RU,2021-03-21 19:15:59,54.7777,34.3267,26.76,93,100,10.83
307,Lebu,CL,2021-03-21 19:15:59,-37.6167,-73.65,63.55,63,0,8.81
308,Mishan,CN,2021-03-21 19:16:00,45.55,131.8833,28.47,84,98,16.53
309,Kupang,ID,2021-03-21 19:16:00,-10.1667,123.5833,79.66,84,100,10.31
310,Sao Gabriel Da Cachoeira,BR,2021-03-21 19:16:00,-0.1303,-67.0892,84.76,79,77,4.29
311,Sambava,MG,2021-03-21 19:16:00,-14.2667,50.1667,79.18,83,97,9.22
312,Lompoc,US,2021-03-21 19:12:50,34.6391,-120.4579,61.0,39,20,16.11
313,Port Hedland,AU,2021-03-21 19:16:01,-20.3167,118.5667,73.4,73,34,4.61
314,Port Blair,IN,2021-03-21 19:16:01,11.6667,92.75,79.39,70,0,3.89
315,Xiaoyi,CN,2021-03-21 19:16:02,34.6178,109.703,42.35,27,0,1.88
316,Jurm,AF,2021-03-21 19:16:02,36.8648,70.8342,39.81,60,100,5.82
317,Lavrentiya,RU,2021-03-21 19:16:02,65.5833,-171.0,0.7,82,100,3.76
318,Naze,JP,2021-03-21 19:16:02,28.3667,129.4833,55.27,70,83,21.59
319,Mayo,US,2021-03-21 19:16:03,38.8876,-76.5119,61.0,33,1,4.61
320,Tuy Hoa,VN,2021-03-21 19:16:03,13.0833,109.3,75.2,89,46,10.27
321,Turuvekere,IN,2021-03-21 19:16:03,13.1642,76.6667,73.26,38,0,5.84
322,Dudinka,RU,2021-03-21 19:16:04,69.4058,86.1778,-10.73,61,100,7.83
323,Alugan,PH,2021-03-21 19:16:04,12.2188,125.4808,80.31,85,100,8.66
324,Priargunsk,RU,2021-03-21 19:16:04,50.3691,119.1012,24.03,77,98,5.61
325,Verkhnyaya Inta,RU,2021-03-21 19:16:04,65.9811,60.3094,11.57,92,87,6.17
326,Isla Mujeres,MX,2021-03-21 19:16:05,21.2311,-86.731,80.6,57,40,11.5
327,Pittsburg,US,2021-03-21 19:16:05,38.028,-121.8847,64.0,36,1,10.36
328,Male,MV,2021-03-21 19:16:05,4.1748,73.5089,84.2,84,20,4.61
329,Esna,EG,2021-03-21 19:16:06,25.2934,32.554,91.4,19,0,6.42
330,Show Low,US,2021-03-21 19:11:38,34.2542,-110.0298,59.0,12,1,23.02
331,Pacific Grove,US,2021-03-21 19:15:10,36.6177,-121.9166,57.99,58,1,9.22
332,Honningsvag,NO,2021-03-21 19:16:06,70.9821,25.9704,30.2,1,75,25.32
333,Miandrivazo,MG,2021-03-21 19:16:06,-19.5167,45.4667,80.11,82,96,1.41
334,Boa Vista,BR,2021-03-21 19:16:06,2.8197,-60.6733,93.2,33,75,8.05
335,Sorong,ID,2021-03-21 19:16:07,-0.8833,131.25,80.24,82,69,6.49
336,Gisborne,NZ,2021-03-21 19:13:10,-38.6533,178.0042,57.99,78,98,4.0
337,Bosaso,SO,2021-03-21 19:16:07,11.2842,49.1816,76.41,69,0,1.9
338,Ko Samui,TH,2021-03-21 19:16:07,9.5357,99.9357,82.17,73,100,10.04
339,Imeni Poliny Osipenko,RU,2021-03-21 19:16:07,52.4201,136.4853,17.24,94,95,10.22
340,Point Fortin,TT,2021-03-21 19:16:08,10.1833,-61.6833,84.0,1,63,14.0
341,Havelock,US,2021-03-21 19:15:40,34.8791,-76.9013,60.8,67,40,23.02
342,Te Anau,NZ,2021-03-21 19:16:08,-45.4167,167.7167,46.58,96,100,1.05
343,Salcioara,RO,2021-03-21 19:16:08,44.7167,25.5833,41.0,70,90,5.75
344,Ojinaga,MX,2021-03-21 19:16:09,29.5667,-104.4167,77.0,19,1,6.91
345,Namatanai,PG,2021-03-21 19:16:09,-3.6667,152.4333,79.84,78,97,3.78
346,Yokaichiba,JP,2021-03-21 19:16:09,35.7,140.55,54.0,94,75,8.05
347,Monrovia,LR,2021-03-21 19:13:49,6.3005,-10.7969,82.4,74,75,5.75
348,Lasa,IT,2021-03-21 19:16:09,46.6166,10.7002,53.6,64,40,10.36
349,Margate,GB,2021-03-21 19:16:10,51.3813,1.3862,48.0,73,100,3.0
350,Tulum,MX,2021-03-21 19:16:10,20.2167,-87.4667,82.4,51,75,8.05
351,Urubicha,BO,2021-03-21 19:16:10,-15.3833,-62.95,86.95,62,100,4.16
352,Magdiwang,PH,2021-03-21 19:16:10,12.491,122.5135,80.69,82,94,13.78
353,Bardiyah,LY,2021-03-21 19:16:11,31.7561,25.0865,81.86,25,27,19.46
354,Copiapo,CL,2021-03-21 19:14:20,-27.3667,-70.3333,69.8,52,0,13.8
355,Katsuura,JP,2021-03-21 19:16:11,35.1333,140.3,59.0,70,97,5.99
356,Manyana,BW,2021-03-21 19:16:11,-23.4,21.7167,74.66,45,37,6.64
357,Bairiki,KI,2021-03-21 19:16:11,1.3292,172.9752,80.6,78,75,13.8
358,Pemangkat,ID,2021-03-21 19:16:12,1.1667,108.9667,77.31,89,100,4.97
359,Virginia Beach,US,2021-03-21 19:16:12,36.8529,-75.978,57.0,62,75,16.11
360,Teguldet,RU,2021-03-21 19:16:12,57.3064,88.1667,29.82,88,97,12.33
361,Sibay,RU,2021-03-21 19:16:13,52.7181,58.6658,16.61,88,100,7.0
362,Kruisfontein,ZA,2021-03-21 19:16:13,-34.0033,24.7314,61.0,78,57,2.77
363,Atocha,BO,2021-03-21 19:16:13,-20.9333,-66.2333,56.88,53,97,11.01
364,Bay Roberts,CA,2021-03-21 19:16:13,47.5999,-53.2648,37.99,60,20,14.97
365,Rodeo,US,2021-03-21 19:16:14,38.033,-122.2669,64.0,36,1,10.36
366,San Quintin,MX,2021-03-21 19:16:14,30.4833,-115.95,61.03,63,100,17.11
367,Bernay,FR,2021-03-21 19:16:14,49.1667,0.6667,44.01,76,100,5.99
368,Alofi,NU,2021-03-21 19:16:15,-19.0595,-169.9187,75.2,100,75,3.44
369,Bambanglipuro,ID,2021-03-21 19:16:15,-7.95,110.2833,77.61,85,89,3.83
370,Pangnirtung,CA,2021-03-21 19:16:15,66.1451,-65.7125,-13.0,70,90,3.44
371,Leningradskiy,RU,2021-03-21 19:16:15,69.3833,178.4167,-11.58,97,100,8.99
372,Cam Ranh,VN,2021-03-21 19:16:16,11.9214,109.1591,80.6,74,20,16.11
373,Fernley,US,2021-03-21 19:16:16,39.608,-119.2518,46.0,33,0,4.07
374,Champerico,GT,2021-03-21 19:16:16,14.3,-91.9167,91.4,55,75,9.22
375,Jacareacanga,BR,2021-03-21 19:16:16,-6.2222,-57.7528,85.96,70,91,0.76
376,Waingapu,ID,2021-03-21 19:16:17,-9.6567,120.2641,78.15,85,100,5.75
377,Vizinga,RU,2021-03-21 19:16:17,61.0749,50.1031,20.62,92,100,9.26
378,Komsomolskiy,UZ,2021-03-21 19:16:17,40.4272,71.7189,46.4,81,0,4.61
379,Qandala,SO,2021-03-21 19:16:18,11.472,49.8728,77.74,63,0,3.6
380,Baruun-Urt,MN,2021-03-21 19:16:18,46.6806,113.2792,25.39,46,8,11.52
381,Caceres,ES,2021-03-21 19:16:18,39.522,-6.3748,47.3,69,0,0.09
382,Los Llanos De Aridane,ES,2021-03-21 19:16:18,28.6585,-17.9182,64.4,68,75,11.5
383,Poum,NC,2021-03-21 19:16:18,-20.2333,164.0167,78.01,75,84,11.54
384,Derzhavinsk,KZ,2021-03-21 19:16:19,51.1,66.3167,23.65,96,90,9.42
385,Chililabombwe,ZM,2021-03-21 19:16:19,-12.3648,27.8229,64.65,94,100,2.28
386,Kenora,CA,2021-03-21 19:16:19,49.8167,-94.4337,46.4,57,90,10.36
387,Bongandanga,CD,2021-03-21 19:16:20,1.5,21.05,68.63,98,100,4.52
388,Souris,CA,2021-03-21 19:16:20,49.6172,-100.2612,55.4,41,75,19.57
389,Constantine,DZ,2021-03-21 19:14:23,36.365,6.6147,37.4,87,75,14.97
390,Korcula,HR,2021-03-21 19:16:20,42.9622,17.1369,46.4,39,20,5.75
391,Lensk,RU,2021-03-21 19:16:20,60.7253,114.9278,-25.58,96,87,0.94
392,Ushtobe,KZ,2021-03-21 19:16:21,45.2514,77.9838,35.08,85,100,4.0
393,Codrington,AU,2021-03-21 19:16:21,-38.2667,141.9667,64.78,84,95,11.9
394,Ararangua,BR,2021-03-21 19:16:21,-28.9347,-49.4858,82.99,66,100,8.9
395,Harindanga,IN,2021-03-21 19:16:22,22.0383,88.3214,82.4,65,40,3.44
396,Buraydah,SA,2021-03-21 19:16:22,26.326,43.975,75.2,35,0,2.3
397,Atar,MR,2021-03-21 19:16:22,20.5169,-13.0499,86.0,16,96,6.91
398,Lorengau,PG,2021-03-21 19:16:22,-2.0226,147.2712,82.65,73,8,4.99
399,Christchurch,NZ,2021-03-21 19:13:02,-43.5333,172.6333,55.99,88,75,3.44
400,Ostroleka,PL,2021-03-21 19:16:23,53.0862,21.5757,34.0,86,81,5.01
401,Lieksa,FI,2021-03-21 19:16:23,63.3167,30.0167,28.06,87,100,14.58
402,Kindu,CD,2021-03-21 19:16:23,-2.95,25.95,71.62,92,100,3.56
403,Krasnoselkup,RU,2021-03-21 19:16:23,65.7,82.4667,1.6,95,100,15.05
404,Puerto Del Rosario,ES,2021-03-21 19:16:24,28.5004,-13.8627,64.4,59,20,23.02
405,Tura,IN,2021-03-21 19:15:17,25.5198,90.2201,73.44,28,0,2.28
406,Ust-Kuyga,RU,2021-03-21 19:16:24,70.0167,135.6,-8.27,86,85,5.23
407,Pontal Do Parana,BR,2021-03-21 19:16:24,-25.6533,-48.5128,81.0,77,37,5.64
408,Carballo,ES,2021-03-21 19:16:24,43.213,-8.691,52.0,75,0,1.99
409,Bauska,LV,2021-03-21 19:16:25,56.4075,24.1906,33.8,60,0,12.66
410,Kuito,AO,2021-03-21 19:16:25,-12.3833,16.9333,61.09,92,45,5.86
411,Labuhan,ID,2021-03-21 19:16:25,-6.8844,112.2051,78.73,85,100,5.7
412,Gladstone,AU,2021-03-21 19:16:26,-23.85,151.25,78.8,78,90,8.05
413,Yaan,NG,2021-03-21 19:16:26,7.3833,8.5667,90.52,40,100,11.68
414,Conceicao Do Araguaia,BR,2021-03-21 19:16:26,-8.2578,-49.2647,85.23,67,97,5.19
415,Viedma,AR,2021-03-21 19:16:26,-40.8135,-62.9967,74.64,19,0,6.38
416,Whyalla,AU,2021-03-21 19:16:27,-33.0333,137.5833,68.0,83,86,5.75
417,Williams Lake,CA,2021-03-21 19:15:11,52.1415,-122.1445,37.99,80,90,10.36
418,Grajewo,PL,2021-03-21 19:13:30,53.6473,22.4554,30.47,88,82,11.05
419,San Remo,IT,2021-03-21 19:16:27,43.8182,7.7612,48.2,49,0,7.65
420,Kholtoson,RU,2021-03-21 19:16:27,50.2981,103.3097,19.27,69,77,3.0
421,Iskateley,RU,2021-03-21 19:16:28,67.6803,53.1512,15.73,94,81,10.76
422,Birjand,IR,2021-03-21 19:16:28,32.8663,59.2211,59.0,20,75,4.61
423,Launceston,AU,2021-03-21 19:16:28,-41.45,147.1667,54.0,93,10,6.91
424,Broome,US,2021-03-21 19:16:28,42.2506,-75.833,62.01,24,0,3.0
425,Jinchang,CN,2021-03-21 19:16:29,38.4953,102.1739,35.04,22,0,6.35
426,Jorpeland,NO,2021-03-21 19:16:29,59.0225,6.0408,41.0,81,75,6.91
427,Sayansk,RU,2021-03-21 19:16:29,54.1088,102.1648,27.34,89,100,3.58
428,Ilhabela,BR,2021-03-21 19:14:12,-23.7781,-45.3581,83.44,68,0,5.7
429,Paso De Los Toros,UY,2021-03-21 19:16:29,-32.8167,-56.5167,77.0,47,75,10.36
430,Wattegama,LK,2021-03-21 19:16:30,6.7989,81.4808,73.4,100,40,2.3
431,Beringovskiy,RU,2021-03-21 19:16:30,63.05,179.3167,-2.83,89,89,7.02
432,Poso,ID,2021-03-21 19:16:30,-1.3959,120.7524,80.01,80,100,5.5
433,Goderich,CA,2021-03-21 19:16:30,43.7501,-81.7165,57.2,24,0,9.22
434,Union,US,2021-03-21 19:16:31,40.6334,-74.2663,64.0,18,1,8.05
435,Tias,ES,2021-03-21 19:16:13,28.9611,-13.645,64.4,55,20,18.41
436,Krasnyy Yar,RU,2021-03-21 19:16:31,46.5331,48.3456,37.0,80,0,4.47
437,Ganzhou,CN,2021-03-21 19:16:31,28.8184,115.4327,50.49,68,98,5.48
438,Sabang,ID,2021-03-21 19:16:31,5.8933,95.3214,83.1,69,100,2.91
439,Shingu,JP,2021-03-21 19:16:32,33.7333,135.9833,48.97,69,2,10.45
440,Tabou,CI,2021-03-21 19:16:32,4.423,-7.3528,79.74,86,86,10.22
441,Tipitapa,NI,2021-03-21 19:16:32,12.1973,-86.0971,91.4,49,40,18.41
442,Porbandar,IN,2021-03-21 19:16:32,21.6422,69.6093,75.85,80,0,8.28
443,Gumdag,TM,2021-03-21 19:16:33,39.2061,54.5906,56.14,47,76,9.48
444,Callaway,US,2021-03-21 19:16:33,30.153,-85.5699,64.0,67,90,8.05
445,Tamala,RU,2021-03-21 19:16:33,52.541,43.2515,19.0,93,53,8.03
446,Xining,CN,2021-03-21 19:16:33,36.6167,101.7667,29.14,46,0,2.17
447,Burlington,US,2021-03-21 19:13:26,39.8835,-74.6413,64.4,19,1,12.66
448,Nagato,JP,2021-03-21 19:16:34,34.3833,131.2,48.2,57,75,18.41
449,Destin,US,2021-03-21 19:16:34,30.3935,-86.4958,71.01,46,40,8.05
450,Lere,NG,2021-03-21 19:16:34,10.387,8.5726,84.88,22,76,3.0
451,Isilkul,RU,2021-03-21 19:16:34,54.9109,71.2728,23.86,94,100,7.09
452,Lira,UG,2021-03-21 19:16:35,2.235,32.9097,77.07,39,100,7.56
453,Victoria,HK,2021-03-21 19:16:35,22.2855,114.1577,63.0,67,90,1.01
454,La Libertad,EC,2021-03-21 19:16:35,-2.2333,-80.9,82.4,69,0,9.22
455,Calatayud,ES,2021-03-21 19:16:35,41.3535,-1.6432,55.4,35,0,20.71
456,Salisbury,GB,2021-03-21 19:16:36,51.0693,-1.7957,50.0,61,99,4.61
457,Araouane,ML,2021-03-21 19:16:36,18.9048,-3.5265,83.88,9,1,8.43
458,Reconquista,AR,2021-03-21 19:16:36,-29.15,-59.65,80.85,47,3,7.43
459,Bom Jesus,BR,2021-03-21 19:16:36,-9.0744,-44.3586,86.65,52,0,5.12
460,Tilichiki,RU,2021-03-21 19:16:37,60.4667,166.1,-14.51,89,0,4.18
461,Port Lincoln,AU,2021-03-21 19:16:37,-34.7333,135.8667,67.93,76,7,8.48
462,Omsukchan,RU,2021-03-21 19:16:37,62.5333,155.8,-13.34,78,31,6.93
463,Lodja,CD,2021-03-21 19:16:37,-3.4833,23.4333,71.37,98,100,2.71
464,Yar-Sale,RU,2021-03-21 19:16:38,66.8333,70.8333,-3.77,98,100,5.39
465,Lebanon,US,2021-03-21 19:15:28,36.2081,-86.2911,66.0,34,1,2.48
466,Zigong,CN,2021-03-21 19:16:38,29.3416,104.7769,47.98,84,100,4.88
467,Coahuayana,MX,2021-03-21 19:16:38,18.7333,-103.6833,84.2,30,1,9.22
468,Pauini,BR,2021-03-21 19:16:38,-7.7136,-66.9764,89.2,50,95,1.5
469,Okha,RU,2021-03-21 19:16:39,53.5739,142.9478,19.67,93,100,13.6
470,Bud,US,2021-03-21 19:16:39,39.447,-86.1758,63.0,27,1,5.75
471,Kargil,IN,2021-03-21 19:16:39,34.5667,76.1,26.26,95,100,2.71
472,Liwale,TZ,2021-03-21 19:16:39,-9.7667,37.9333,70.09,97,37,2.73
473,Pangkalanbuun,ID,2021-03-21 19:15:24,-2.6833,111.6167,74.53,97,100,2.48
474,Savannah Bight,HN,2021-03-21 19:16:40,16.45,-85.85,80.6,74,75,3.44
475,Immenstadt,DE,2021-03-21 19:16:40,47.561,10.2199,33.01,91,100,2.53
476,Meulaboh,ID,2021-03-21 19:16:40,4.1363,96.1285,76.96,89,78,4.09
477,San Jeronimo,PE,2021-03-21 19:16:40,-11.9472,-75.2829,55.24,79,100,7.34
478,Hokitika,NZ,2021-03-21 19:16:41,-42.7167,170.9667,57.52,86,100,2.57
479,Kulhudhuffushi,MV,2021-03-21 19:16:41,6.6221,73.07,83.16,70,46,3.27
480,Fort Wellington,GY,2021-03-21 19:16:41,6.4,-57.6,81.93,72,0,11.27
481,Lerwick,GB,2021-03-21 19:16:30,60.1545,-1.1494,44.6,93,75,20.71
482,Dwarka,IN,2021-03-21 19:16:41,22.2394,68.9678,77.05,80,0,12.57
483,Sarangani,PH,2021-03-21 19:16:42,5.4033,125.4636,83.32,76,94,19.37
484,Rio Tuba,PH,2021-03-21 19:16:42,8.5061,117.4317,81.41,80,19,9.71
485,Burns Lake,CA,2021-03-21 19:15:10,54.2331,-125.7533,37.4,60,92,10.36
486,Rio De Jesus,PA,2021-03-21 19:16:42,7.9844,-81.1631,96.13,30,0,13.38
487,Russell,US,2021-03-21 19:15:27,32.3502,-85.1999,68.0,45,40,8.05
488,Lapao,BR,2021-03-21 19:16:42,-11.3833,-41.8319,86.36,36,66,15.28
489,Cayenne,GF,2021-03-21 19:16:43,4.9333,-52.3333,82.4,74,75,11.5
490,Muros,ES,2021-03-21 19:16:43,42.7762,-9.0603,55.99,59,0,11.52
491,Banamba,ML,2021-03-21 19:16:43,13.55,-7.45,91.9,27,100,8.75
492,Charters Towers,AU,2021-03-21 19:16:43,-20.1,146.2667,72.86,95,100,8.1
493,Havre-Saint-Pierre,CA,2021-03-21 19:16:44,50.2334,-63.5986,35.6,75,1,12.66
494,Anan,JP,2021-03-21 19:16:44,33.9167,134.65,50.0,57,75,12.66
495,Ginda,IN,2021-03-21 19:16:44,30.6945,78.4932,53.56,41,92,6.98
496,Aboisso,CI,2021-03-21 19:16:45,5.4678,-3.2071,78.84,88,100,6.55
497,Rolla,US,2021-03-21 19:12:32,37.9514,-91.7713,66.0,32,1,19.57
498,Ukiah,US,2021-03-21 19:16:45,39.1502,-123.2078,55.99,50,1,4.61
499,Safford,US,2021-03-21 19:16:45,32.834,-109.7076,75.2,22,1,6.91
500,Zaoyang,CN,2021-03-21 19:16:45,32.1272,112.7542,44.64,44,100,2.89
501,Sao Sebastiao,BR,2021-03-21 19:16:46,-23.76,-45.4097,84.76,65,0,4.72
502,Maua,BR,2021-03-21 19:16:46,-23.6678,-46.4614,90.0,37,0,6.91
503,Ancud,CL,2021-03-21 19:16:46,-41.8697,-73.8203,68.0,49,0,8.05
504,Murgab,TM,2021-03-21 19:16:46,37.4966,61.9714,57.2,62,90,8.39
505,San Policarpo,PH,2021-03-21 19:16:47,12.1791,125.5072,80.8,83,100,9.31
506,Raymondville,US,2021-03-21 19:16:47,26.4815,-97.7831,77.0,47,75,9.22
507,Oktyabrskiy,RU,2021-03-21 19:16:47,54.4815,53.471,15.73,93,51,5.61
508,Oistins,BB,2021-03-21 19:16:47,13.0667,-59.5333,82.4,54,20,19.57
509,Kaura Namoda,NG,2021-03-21 19:16:48,12.5898,6.5779,89.24,17,93,5.06
510,Dali,CN,2021-03-21 19:16:48,25.7,100.1833,53.53,59,0,4.21
511,High Level,CA,2021-03-21 19:16:48,58.5169,-117.136,10.4,61,75,2.3
512,North Bend,US,2021-03-21 19:16:48,43.4065,-124.2243,50.0,71,90,4.61
513,Yumen,CN,2021-03-21 19:16:49,40.2833,97.2,32.22,24,0,6.44
514,Mareeba,AU,2021-03-21 19:16:49,-17.0,145.4333,73.4,94,40,1.14
515,Oranjemund,NA,2021-03-21 19:16:49,-28.55,16.4333,64.18,78,0,10.11
516,Antsohihy,MG,2021-03-21 19:16:49,-14.8796,47.9875,75.33,91,100,1.41
517,Sistranda,NO,2021-03-21 19:16:50,63.7256,8.834,37.4,87,75,25.32
518,Baijiantan,CN,2021-03-21 19:16:50,45.6333,85.1833,35.62,69,100,2.89
519,Beloha,MG,2021-03-21 19:16:50,-25.1667,45.05,75.88,81,0,4.63
520,Katherine,AU,2021-03-21 19:16:50,-14.4667,132.2667,77.0,100,75,2.3
521,Halifax,CA,2021-03-21 19:14:53,44.6453,-63.5724,55.99,43,0,13.8
522,Paamiut,GL,2021-03-21 19:16:51,61.994,-49.6678,22.96,82,100,11.07
523,Khandyga,RU,2021-03-21 19:16:51,62.6667,135.6,15.42,82,100,6.51
524,Moose Factory,CA,2021-03-21 19:16:51,51.2585,-80.6094,57.2,32,1,21.85
525,Sakakah,SA,2021-03-21 19:16:51,29.9697,40.2064,77.0,14,0,4.61
526,Terra Santa,BR,2021-03-21 19:16:52,-2.1042,-56.4869,81.36,87,97,3.06
527,Cairns,AU,2021-03-21 19:15:32,-16.9167,145.7667,73.4,94,75,1.14
528,Umm Lajj,SA,2021-03-21 19:16:52,25.0213,37.2685,83.91,31,0,6.64
529,Shelburne,CA,2021-03-21 19:13:46,44.0787,-80.2041,62.6,17,1,12.66
530,Balkanabat,TM,2021-03-21 19:16:52,39.5108,54.3671,58.44,43,65,5.41
531,Kajaani,FI,2021-03-21 19:16:53,64.2273,27.7285,28.4,64,0,17.27
532,Parrita,CR,2021-03-21 19:16:20,9.5201,-84.3225,82.4,60,75,17.27
533,Itaituba,BR,2021-03-21 19:16:53,-4.2761,-55.9836,84.2,74,40,6.91
534,Kiama,AU,2021-03-21 19:16:53,-34.6833,150.8667,66.99,91,100,8.01
535,Kiunga,PG,2021-03-21 19:16:53,-6.1219,141.2906,73.89,98,100,1.1
536,San Fernando,PH,2021-03-21 19:16:54,15.0286,120.6898,77.0,88,40,2.3
537,Iracoubo,GF,2021-03-21 19:16:54,5.4802,-53.2011,80.11,84,82,11.05
538,Eydhafushi,MV,2021-03-21 19:16:54,5.1033,73.0708,83.39,68,86,6.82
539,Suntar,RU,2021-03-21 19:16:54,62.1444,117.6319,-27.06,97,22,5.21
540,Farafangana,MG,2021-03-21 19:16:55,-22.8167,47.8333,76.44,89,5,6.91
541,Coquimbo,CL,2021-03-21 19:16:08,-29.9533,-71.3436,69.8,64,0,14.97
542,Naraina,IN,2021-03-21 19:16:55,26.7833,75.2,78.8,24,40,3.44
543,Alexandria,EG,2021-03-21 19:16:35,31.2156,29.9553,73.4,68,40,9.22
544,Mirwah,YE,2021-03-21 19:16:55,13.9228,43.9176,71.49,36,0,2.98
545,Pompeu,BR,2021-03-21 19:16:56,-19.2244,-44.9353,78.8,57,46,6.69
546,Divicani,BA,2021-03-21 19:16:56,44.3667,17.3261,37.4,65,0,2.3
547,Salalah,OM,2021-03-21 19:16:57,17.0151,54.0924,78.8,89,0,2.3
548,Waitati,NZ,2021-03-21 19:16:57,-45.75,170.5667,54.0,78,99,11.99
549,Rhyl,GB,2021-03-21 19:16:57,53.3196,-3.4886,44.01,89,25,1.01
550,Kloulklubed,PW,2021-03-21 19:16:57,7.0419,134.2556,77.0,94,75,4.61
551,Calvillo,MX,2021-03-21 19:16:57,21.85,-102.7167,78.8,9,1,8.05
552,Zharkent,KZ,2021-03-21 19:16:58,44.1628,80.0,45.16,69,100,3.76
553,Stavern,NO,2021-03-21 19:16:58,59.0,10.0333,39.2,48,0,6.91
554,Kintampo,GH,2021-03-21 19:16:58,8.0563,-1.7306,87.35,49,8,4.65
555,Evensk,RU,2021-03-21 19:16:58,61.95,159.2333,-3.39,97,100,5.53
556,Indian Head,US,2021-03-21 19:16:59,38.6001,-77.1622,63.0,19,1,6.02
557,Dasoguz,TM,2021-03-21 19:16:59,41.8363,59.9666,46.4,66,0,9.22
558,Seoul,KR,2021-03-21 19:16:59,37.5683,126.9778,37.4,64,0,5.75
559,Rawson,AR,2021-03-21 19:16:59,-43.3002,-65.1023,77.13,26,0,15.84
560,Chimore,BO,2021-03-21 19:17:00,-16.9833,-65.1333,88.7,61,100,3.83
561,Kijang,KR,2021-03-21 19:17:00,35.2442,129.2139,41.0,48,20,9.22
562,Kovdor,RU,2021-03-21 19:17:00,67.5662,30.4758,19.0,90,99,8.01
563,Vanavara,RU,2021-03-21 19:17:01,60.34,102.2797,-5.13,96,100,6.44
564,Risor,NO,2021-03-21 19:17:01,58.7206,9.2342,37.99,59,80,3.0
565,Visnes,NO,2021-03-21 19:17:01,59.3556,5.2242,41.0,87,75,4.61
566,Ginir,ET,2021-03-21 19:17:01,7.1333,40.7,61.54,55,99,3.33
567,Ust-Koksa,RU,2021-03-21 19:17:02,50.2696,85.6108,28.94,80,100,2.33
568,Slave Lake,CA,2021-03-21 19:17:02,55.2834,-114.769,33.8,44,1,4.61
569,Kharp,RU,2021-03-21 19:17:02,66.8014,65.8081,-4.31,92,100,2.66
570,Clyde,US,2021-03-21 19:17:02,41.3042,-82.9752,64.0,22,0,3.0
571,Manggar,ID,2021-03-21 19:13:32,-2.8833,108.2667,79.54,85,100,5.88
572,Muyezerskiy,RU,2021-03-21 19:17:03,63.9333,31.65,25.83,94,100,13.44
573,Punta De Piedra,VE,2021-03-21 19:17:03,7.6176,-71.4916,89.42,43,82,2.86
574,San Ramon,US,2021-03-21 19:15:32,37.7799,-121.978,63.0,47,1,4.61
575,Inirida,CO,2021-03-21 19:17:03,3.8653,-67.9239,92.26,48,77,1.88
576,Saint-Augustin,CA,2021-03-21 19:17:04,51.226,-58.6502,32.92,98,100,14.43
577,Saint Anthony,US,2021-03-21 19:17:04,45.0205,-93.218,61.0,41,1,24.16
578,Badvel,IN,2021-03-21 19:17:04,14.75,79.05,76.41,48,3,3.15
579,Njeru,UG,2021-03-21 19:17:04,0.4186,33.1731,66.96,89,100,6.55
580,Pangody,RU,2021-03-21 19:17:05,65.85,74.4859,0.45,96,98,7.11
581,Vestmannaeyjar,IS,2021-03-21 19:17:05,63.4427,-20.2734,44.6,81,75,18.41
582,Kalianget,ID,2021-03-21 19:17:05,-7.05,113.9333,80.64,83,71,8.81
583,Cap Malheureux,MU,2021-03-21 19:17:06,-19.9842,57.6142,80.01,81,0,5.99
584,Hami,CN,2021-03-21 19:17:06,42.8,93.45,40.39,23,0,1.79
585,Calabozo,VE,2021-03-21 19:17:06,8.9242,-67.4293,96.64,27,79,8.95
586,Valparaiso,CL,2021-03-21 19:17:06,-33.0393,-71.6273,68.0,37,0,8.05
587,Villanueva De Cordoba,ES,2021-03-21 19:17:06,38.3228,-4.6287,55.4,44,0,1.14
588,Saint-Joseph,RE,2021-03-21 19:17:07,-21.3667,55.6167,78.8,83,90,16.11
589,Lexington,US,2021-03-21 19:15:18,37.9887,-84.4777,64.99,34,1,5.75
590,Boissevain,CA,2021-03-21 19:17:07,49.2306,-100.0559,57.0,28,1,11.5
591,Karratha,AU,2021-03-21 19:17:07,-20.7377,116.8463,78.71,57,0,6.24
592,Ugoofaaru,MV,2021-03-21 19:17:08,5.6667,73.0,83.84,63,84,3.6
593,Hinatuan,PH,2021-03-21 19:17:08,8.3722,126.3342,76.55,88,7,3.49
594,Lipin Bor,RU,2021-03-21 19:17:08,60.2622,37.9763,28.06,94,100,10.4
595,Saint-Felicien,CA,2021-03-21 19:17:09,48.6501,-72.4491,59.0,18,20,14.97
596,Eureka,US,2021-03-21 19:17:09,40.8021,-124.1637,55.99,69,0,10.0
597,Podor,MR,2021-03-21 19:17:09,16.6527,-14.9587,98.6,13,0,2.3
598,Manakara,MG,2021-03-21 19:17:09,-22.1333,48.0167,75.74,90,100,4.52
599,Leshukonskoye,RU,2021-03-21 19:17:09,64.8989,45.7622,20.71,95,100,6.55
600,Mende,FR,2021-03-21 19:17:10,44.6667,3.5,29.44,93,100,14.47
601,Aranos,NA,2021-03-21 19:17:10,-24.1333,19.1167,74.73,56,35,14.27
602,Praia Da Vitoria,PT,2021-03-21 19:17:10,38.7333,-27.0667,60.01,82,90,5.7
603,Khash,IR,2021-03-21 19:17:11,28.2211,61.2158,56.34,24,0,1.83
604,Honiara,SB,2021-03-21 19:17:11,-9.4333,159.95,75.87,79,100,3.33
605,Pundaguitan,PH,2021-03-21 19:17:11,6.3711,126.1689,82.56,76,34,14.54
606,Gat,IL,2021-03-21 19:17:11,31.61,34.7642,73.99,46,100,1.01
607,Matara,LK,2021-03-21 19:17:11,5.9485,80.5353,76.26,87,90,4.05
608,Rajbiraj,NP,2021-03-21 19:17:12,26.5333,86.75,72.64,21,0,5.7
609,Cienfuegos,CU,2021-03-21 19:17:12,22.1461,-80.4356,86.0,42,20,8.05
610,Umtata,ZA,2021-03-21 19:17:12,-31.5889,28.7844,59.0,77,100,3.44
611,Laguna,US,2021-03-21 19:17:12,38.421,-121.4238,60.8,41,1,14.97
612,Dunedin,NZ,2021-03-21 19:16:38,-45.8742,170.5036,54.0,83,100,1.01
613,Saint-Georges,GD,2021-03-21 19:17:13,12.0564,-61.7485,82.4,69,20,21.85
614,Juneau,US,2021-03-21 19:15:13,58.3019,-134.4197,33.8,86,90,4.45
615,Campbell River,CA,2021-03-21 19:17:13,50.0163,-125.2446,43.0,81,90,14.97
616,Ishigaki,JP,2021-03-21 19:17:13,24.3448,124.1572,63.12,75,99,31.34
617,Samarai,PG,2021-03-21 19:17:14,-10.6167,150.6667,82.63,77,99,7.81
618,Zhumadian,CN,2021-03-21 19:17:14,32.9794,114.0294,41.97,40,100,4.9
619,Miguel Hidalgo,MX,2021-03-21 19:17:14,19.4225,-99.2028,73.4,25,40,9.22
620,Oum Hadjer,TD,2021-03-21 19:17:14,13.2954,19.6966,88.81,10,100,6.33
621,Gogrial,SS,2021-03-21 19:17:14,8.5332,28.1004,85.35,51,100,7.47
622,Joshimath,IN,2021-03-21 19:17:15,30.5667,79.5667,50.11,48,5,5.84
623,Natal,BR,2021-03-21 19:17:15,-5.795,-35.2094,86.0,62,40,14.97
624,Luena,AO,2021-03-21 19:17:15,-11.7833,19.9167,64.31,91,52,1.63
625,Le Port,RE,2021-03-21 19:17:16,-20.9373,55.2919,78.8,83,75,13.8
626,Savonlinna,FI,2021-03-21 19:17:16,61.8699,28.88,30.2,80,90,23.02
627,Nizwa,OM,2021-03-21 19:17:16,22.9333,57.5333,68.14,19,0,5.23
628,Yangambi,CD,2021-03-21 19:17:16,0.8102,24.4336,67.48,97,100,1.63
629,Puerto Narino,CO,2021-03-21 19:15:19,-3.7703,-70.3831,89.6,66,75,3.44
630,Veraval,IN,2021-03-21 19:17:17,20.9,70.3667,75.94,79,0,5.59
631,Mackay,AU,2021-03-21 19:15:17,-21.15,149.2,78.8,83,90,4.61
632,Camacha,PT,2021-03-21 19:17:17,33.0833,-16.3333,60.8,59,75,6.91
633,Nigde,TR,2021-03-21 19:17:17,37.8333,34.75,43.38,75,0,6.15
634,Sucua,EC,2021-03-21 19:17:17,-2.4667,-78.1667,68.0,88,90,5.75
635,Ikovka,RU,2021-03-21 19:17:18,55.6089,64.9375,21.56,96,95,5.1
636,Stefan Cel Mare,RO,2021-03-21 19:17:18,46.9833,26.5167,32.0,62,0,4.45
637,Dawlatabad,AF,2021-03-21 19:17:18,36.4141,64.9053,55.45,58,100,7.43
638,Steinbach,DE,2021-03-21 19:17:18,50.1667,8.5667,44.6,57,40,9.22
639,Mehamn,NO,2021-03-21 19:17:19,71.0357,27.8492,28.4,64,75,17.27
640,Oron,NG,2021-03-21 19:17:19,4.8256,8.2343,80.62,78,40,6.2
641,Adrar,MR,2021-03-21 19:17:19,20.5022,-10.0711,75.09,16,0,7.45
642,Summerville,US,2021-03-21 19:15:01,33.0185,-80.1757,66.99,59,90,18.41
643,Hazorasp,UZ,2021-03-21 19:17:20,41.3194,61.0742,46.4,71,0,4.61
644,Sur,OM,2021-03-21 19:17:20,22.5667,59.5289,75.47,57,0,4.68
645,Manta,EC,2021-03-21 19:17:20,-0.95,-80.7333,82.4,74,75,6.91
646,Markova,UA,2021-03-21 19:17:20,48.6758,24.4138,30.2,69,0,4.47
647,Basco,PH,2021-03-21 19:17:20,20.4487,121.9702,74.44,84,100,33.58
648,Gazojak,TM,2021-03-21 19:17:21,41.1875,61.4036,52.29,43,100,8.95
649,Yenotayevka,RU,2021-03-21 19:17:21,47.2456,47.0281,36.0,65,0,2.44
650,Kudahuvadhoo,MV,2021-03-21 19:17:21,2.6708,72.8944,82.94,66,100,5.39
651,Brae,GB,2021-03-21 19:17:21,60.3964,-1.353,44.6,93,75,20.71
652,Mitu,CO,2021-03-21 19:17:22,1.1983,-70.1733,90.5,50,100,2.77
653,Vetralla,IT,2021-03-21 19:17:22,42.3098,12.0784,42.01,52,0,17.27
654,Nantucket,US,2021-03-21 19:16:02,41.2835,-70.0995,46.4,81,1,4.61
655,Yuancheng,CN,2021-03-21 19:17:22,36.652,107.7896,32.86,30,0,3.51
656,Stepnogorsk,KZ,2021-03-21 19:13:12,52.3544,71.8869,19.51,91,41,8.14
657,Lagoa,PT,2021-03-21 19:17:23,39.05,-27.9833,58.73,76,100,12.57
658,Fort Morgan,US,2021-03-21 19:17:23,40.2503,-103.8,46.4,46,1,23.02
659,Ransang,PH,2021-03-21 19:17:23,8.9603,117.5828,79.16,84,88,4.34
660,Wanaka,NZ,2021-03-21 19:17:23,-44.7,169.15,49.41,92,100,1.41
661,Mitsamiouli,KM,2021-03-21 19:17:24,-11.3847,43.2844,83.14,72,31,4.79
662,Hegang,CN,2021-03-21 19:17:24,47.4,130.3667,20.14,81,0,8.08
663,Huambo,AO,2021-03-21 19:17:24,-12.7761,15.7392,62.67,92,100,5.08
664,Bang Saphan,TH,2021-03-21 19:17:24,11.2126,99.5117,76.1,86,98,2.86
665,Grand Gaube,MU,2021-03-21 19:17:25,-20.0064,57.6608,80.01,81,0,5.99
666,Itarema,BR,2021-03-21 19:17:25,-2.9248,-39.9167,82.53,68,100,14.18
667,Takoradi,GH,2021-03-21 19:17:25,4.8845,-1.7554,81.52,81,0,11.77
668,Tortoli,IT,2021-03-21 19:17:26,39.9256,9.6572,44.6,45,40,23.02
669,Gardendale,US,2021-03-21 19:17:26,33.6601,-86.8128,64.4,45,75,5.75
670,Ondjiva,AO,2021-03-21 19:17:26,-17.0667,15.7333,70.47,83,93,3.02
671,Oussouye,SN,2021-03-21 19:17:27,12.485,-16.5469,80.6,83,0,6.91
672,Tooele,US,2021-03-21 19:17:27,40.5308,-112.2983,37.0,93,40,4.61
673,Energetik,RU,2021-03-21 19:17:27,51.7445,58.7934,15.62,92,100,8.05
674,Novosergiyevka,RU,2021-03-21 19:17:27,52.0934,53.6528,18.45,95,100,3.51
675,Ratnagiri,IN,2021-03-21 19:17:27,16.9833,73.3,74.82,81,0,5.41
676,San Rafael,AR,2021-03-21 19:17:28,-34.6177,-68.3301,74.48,26,0,14.79
677,Teshie,GH,2021-03-21 19:17:28,5.5836,-0.1072,84.2,74,20,14.97
678,Zhangjiakou,CN,2021-03-21 19:17:28,40.81,114.8794,33.03,33,0,6.46
679,Amapa,BR,2021-03-21 19:17:28,1.0,-52.0,88.0,54,8,3.27
680,Ballina,AU,2021-03-21 19:17:29,-28.8667,153.5667,69.8,94,75,12.66
681,Harper,LR,2021-03-21 19:17:29,4.375,-7.7169,80.29,84,10,9.89
682,Trairi,BR,2021-03-21 19:17:29,-3.2778,-39.2689,82.92,66,95,12.19
683,Winslow,US,2021-03-21 19:17:29,35.0242,-110.6974,63.0,17,1,8.05
684,Bukan,IR,2021-03-21 19:17:30,36.521,46.2089,46.44,65,94,7.81
685,Ahome,MX,2021-03-21 19:17:30,25.9167,-109.1833,84.2,21,1,6.96
686,Corrientes,AR,2021-03-21 19:17:30,-27.4806,-58.8341,75.2,68,90,14.97
687,Aberdeen,GB,2021-03-21 19:17:31,57.1437,-2.0981,43.0,81,9,5.75
688,Kargasok,RU,2021-03-21 19:17:31,59.0556,80.8572,20.89,91,88,10.42
689,Yeppoon,AU,2021-03-21 19:17:32,-23.1333,150.7333,75.2,94,75,5.75
